campaign_id,campaign_name,channel,campaign_type,start_date,end_date,budget,spend,impressions,clicks,ctr,conversions,conversion_rate,revenue,roas,cpa
CAMP10000,Acquisition - YouTube - Apr 2024,YouTube,Acquisition,2024-04-17,2024-05-14,457392,425254.78,110927727,647108,0.58,11753,1.82,21909472.94,51.52,36.18
CAMP10001,Reactivation - Instagram - Nov 2023,Instagram,Reactivation,2023-11-08,2023-12-26,255812,219185.03,39322456,831802,2.12,74286,8.93,93233546.76,425.36,2.95
CAMP10002,Acquisition - YouTube - May 2024,YouTube,Acquisition,2024-05-07,2024-07-01,216062,159647.07,56087287,396829,0.71,29261,7.37,133797013.64,838.08,5.46
CAMP10003,Seasonal - LinkedIn - May 2024,LinkedIn,Seasonal,2024-05-18,2024-05-26,288821,245627.0,93550018,756230,0.81,36922,4.88,99326491.91,404.38,6.65
CAMP10004,Seasonal - Email - Aug 2023,Email,Seasonal,2023-08-28,2023-09-24,109980,102007.8,10699172,289243,2.7,14888,5.15,54653679.05,535.78,6.85
CAMP10005,Retention - Twitter - Jul 2024,Twitter,Retention,2024-07-15,2024-09-13,241390,198422.03,41666499,150715,0.36,2961,1.96,13307062.85,67.06,67.01
CAMP10006,Awareness - Instagram - Feb 2024,Instagram,Awareness,2024-02-14,2024-03-18,182834,169951.35,40914748,889505,2.17,55944,6.29,222662191.98,1310.15,3.04
CAMP10007,Awareness - Google Ads - Jan 2024,Google Ads,Awareness,2024-01-10,2024-02-25,136358,113998.57,24371751,704564,2.89,20458,2.9,29823259.94,261.61,5.57
CAMP10008,Reactivation - YouTube - Feb 2024,YouTube,Reactivation,2024-02-12,2024-03-20,157062,119287.81,33850352,265083,0.78,3158,1.19,12004318.65,100.63,37.77
CAMP10009,Reactivation - Twitter - Jul 2024,Twitter,Reactivation,2024-07-17,2024-09-12,494392,372939.65,46568676,259719,0.56,8544,3.29,31104167.53,83.4,43.65
CAMP10010,Acquisition - Google Ads - Apr 2024,Google Ads,Acquisition,2024-04-20,2024-05-18,261111,247548.48,98383520,3358596,3.41,236293,7.04,936834755.77,3784.45,1.05
CAMP10011,Retention - YouTube - Dec 2023,YouTube,Retention,2023-12-27,2024-01-30,321799,306468.21,138859488,689658,0.5,44156,6.4,43262284.0,141.16,6.94
CAMP10012,Retention - Twitter - Oct 2023,Twitter,Retention,2023-10-27,2023-12-16,15547,14148.6,2539216,15545,0.61,886,5.7,1994951.82,141.0,15.97
CAMP10013,Awareness - LinkedIn - May 2024,LinkedIn,Awareness,2024-05-29,2024-06-22,5905,5246.86,1609427,15158,0.94,165,1.09,87338.57,16.65,31.8
CAMP10014,Acquisition - LinkedIn - Feb 2023,LinkedIn,Acquisition,2023-02-24,2023-03-05,213954,164203.99,29311145,262036,0.89,22728,8.67,48731281.01,296.77,7.22
CAMP10015,Awareness - YouTube - Nov 2023,YouTube,Awareness,2023-11-21,2023-12-06,340430,254535.09,67466005,220950,0.33,21816,9.87,82505894.53,324.14,11.67
CAMP10016,Acquisition - YouTube - Jun 2024,YouTube,Acquisition,2024-06-12,2024-07-17,212422,151529.81,33049864,78401,0.24,4435,5.66,15919543.26,105.06,34.17
CAMP10017,Awareness - Google Ads - Jun 2024,Google Ads,Awareness,2024-06-14,2024-07-27,215059,176321.38,39142646,1129131,2.88,23624,2.09,114673019.4,650.36,7.46
CAMP10018,Retention - YouTube - Nov 2023,YouTube,Retention,2023-11-20,2024-01-04,234887,170586.99,19367213,67214,0.35,2063,3.07,3467796.77,20.33,82.69
CAMP10019,Acquisition - Google Ads - Mar 2024,Google Ads,Acquisition,2024-03-18,2024-05-14,114738,108903.61,54403707,776101,1.43,60204,7.76,156468334.5,1436.76,1.81
CAMP10020,Seasonal - TikTok - Apr 2023,TikTok,Seasonal,2023-04-14,2023-05-31,242792,176633.08,83989128,1436485,1.71,95379,6.64,452741758.72,2563.18,1.85
CAMP10021,Retention - TikTok - Nov 2023,TikTok,Retention,2023-11-27,2023-12-16,109227,91002.29,41907890,1162943,2.77,75752,6.51,344490266.6,3785.51,1.2
CAMP10022,Retention - Twitter - Dec 2023,Twitter,Retention,2023-12-29,2024-02-26,157808,131700.51,62514725,593463,0.95,37331,6.29,40019766.93,303.87,3.53
CAMP10023,Reactivation - Google Ads - Sep 2023,Google Ads,Reactivation,2023-09-08,2023-10-08,451544,404584.58,97954173,1408016,1.44,102462,7.28,142858128.0,353.1,3.95
CAMP10024,Retention - YouTube - Apr 2024,YouTube,Retention,2024-04-13,2024-05-18,311459,228651.89,71494219,392124,0.55,27113,6.91,57539682.82,251.65,8.43
CAMP10025,Seasonal - LinkedIn - Sep 2023,LinkedIn,Seasonal,2023-09-02,2023-09-23,370032,358718.79,51318767,464655,0.91,15232,3.28,50454693.73,140.65,23.55
CAMP10026,Seasonal - Email - Nov 2023,Email,Seasonal,2023-11-08,2023-12-09,198163,297244.5,61553290,4190362,6.81,361083,8.62,879030905.68,4884.54,0.5
CAMP10027,Reactivation - Instagram - Jul 2024,Instagram,Reactivation,2024-07-28,2024-09-13,209919,160639.2,61804901,994281,1.61,92689,9.32,245440442.93,1527.9,1.73
CAMP10028,Seasonal - Instagram - Jan 2024,Instagram,Seasonal,2024-01-08,2024-01-29,226929,168984.03,42747876,334915,0.78,7604,2.27,22949749.34,135.81,22.22
CAMP10029,Retention - Google Ads - Oct 2023,Google Ads,Retention,2023-10-25,2023-11-20,316455,279550.98,84035857,2337671,2.78,49620,2.12,205846664.26,736.35,5.63
CAMP10030,Retention - YouTube - Aug 2023,YouTube,Retention,2023-08-14,2023-08-31,441190,331990.79,107698203,831145,0.77,68652,8.26,170901873.21,514.78,4.84
CAMP10031,Seasonal - YouTube - May 2023,YouTube,Seasonal,2023-05-29,2023-06-18,473119,437978.91,194032863,747523,0.39,42531,5.69,62548527.57,142.81,10.3
CAMP10032,Seasonal - LinkedIn - Sep 2023,LinkedIn,Seasonal,2023-09-23,2023-11-01,88434,78160.29,18593207,197190,1.06,19601,9.94,81613918.67,1044.19,3.99
CAMP10033,Acquisition - Twitter - Aug 2024,Twitter,Acquisition,2024-08-19,2024-09-02,485209,401906.88,81421743,355546,0.44,13248,3.73,44541915.86,110.83,30.34
CAMP10034,Awareness - TikTok - May 2024,TikTok,Awareness,2024-05-17,2024-06-27,217355,155681.18,53471839,435111,0.81,39979,9.19,55519568.18,356.62,3.89
CAMP10035,Retention - LinkedIn - Oct 2023,LinkedIn,Retention,2023-10-28,2023-11-26,284643,426964.5,44650503,679457,1.52,43675,6.43,121633928.01,598.45,4.65
CAMP10036,Retention - Google Ads - May 2023,Google Ads,Retention,2023-05-04,2023-06-01,196685,185045.36,22840670,891717,3.9,57547,6.45,67426039.25,364.38,3.22
CAMP10037,Reactivation - Twitter - Aug 2023,Twitter,Reactivation,2023-08-25,2023-09-07,207530,198834.18,92897910,887905,0.96,87851,9.89,429421664.62,2159.7,2.26
CAMP10038,Seasonal - Email - Jul 2024,Email,Seasonal,2024-07-01,2024-08-30,84561,66617.76,16344512,400621,2.45,40042,9.99,44925897.09,674.38,1.66
CAMP10039,Reactivation - LinkedIn - Aug 2023,LinkedIn,Reactivation,2023-08-08,2023-09-26,5339,4302.4,742327,7052,0.95,562,7.97,1060869.74,246.58,7.66
CAMP10040,Retention - LinkedIn - Jul 2024,LinkedIn,Retention,2024-07-22,2024-08-26,387066,309059.51,78995017,944655,1.2,80097,8.48,233353636.78,755.04,3.86
CAMP10041,Seasonal - Google Ads - Sep 2024,Google Ads,Seasonal,2024-09-25,2024-10-10,289584,225565.58,46195139,751227,1.63,60594,8.07,34398174.35,152.5,3.72
CAMP10042,Reactivation - Facebook - Apr 2024,Facebook,Reactivation,2024-04-25,2024-06-13,68910,59034.39,20799134,129138,0.62,10590,8.2,14438464.23,244.58,5.57
CAMP10043,Seasonal - Facebook - Nov 2023,Facebook,Seasonal,2023-11-28,2024-01-22,236803,216689.84,107840300,1578257,1.46,143020,9.06,711016139.38,3281.26,1.52
CAMP10044,Acquisition - TikTok - Aug 2023,TikTok,Acquisition,2023-08-19,2023-09-08,124743,92915.9,31315581,857596,2.74,59218,6.91,232760743.65,2505.07,1.57
CAMP10045,Awareness - Email - Sep 2024,Email,Awareness,2024-09-27,2024-10-28,495995,486807.09,49700006,3115577,6.27,205988,6.61,124024285.27,254.77,2.36
CAMP10046,Acquisition - Google Ads - Feb 2024,Google Ads,Acquisition,2024-02-01,2024-03-05,457922,441020.37,167384585,3048372,1.82,83752,2.75,131627273.26,298.46,5.27
CAMP10047,Seasonal - Email - Nov 2023,Email,Seasonal,2023-11-03,2023-11-16,370090,298634.76,110865605,7487427,6.75,527009,7.04,1255795065.19,4205.12,0.57
CAMP10048,Awareness - Google Ads - Feb 2024,Google Ads,Awareness,2024-02-26,2024-03-07,20924,17310.74,5077065,192571,3.79,5150,2.67,7603849.08,439.26,3.36
CAMP10049,Awareness - Twitter - Jan 2023,Twitter,Awareness,2023-01-15,2023-02-07,390360,305598.04,127423004,1163799,0.91,36211,3.11,161304691.21,527.83,8.44
CAMP10050,Reactivation - TikTok - Jul 2024,TikTok,Reactivation,2024-07-03,2024-08-02,345288,293369.69,63813658,1792801,2.81,51502,2.87,64362933.0,219.39,5.7
CAMP10051,Retention - LinkedIn - Jun 2024,LinkedIn,Retention,2024-06-26,2024-08-16,125649,97064.67,46717901,714265,1.53,56286,7.88,198660914.76,2046.69,1.72
CAMP10052,Awareness - Facebook - May 2024,Facebook,Awareness,2024-05-11,2024-06-06,318554,303239.98,144904478,1174208,0.81,90396,7.7,94966501.93,313.17,3.35
CAMP10053,Seasonal - TikTok - Feb 2024,TikTok,Seasonal,2024-02-12,2024-02-21,398653,284032.11,103692484,1472134,1.42,104123,7.07,81273267.54,286.14,2.73
CAMP10054,Retention - Instagram - Dec 2023,Instagram,Retention,2023-12-15,2024-01-24,144288,134409.59,38859195,519064,1.34,7383,1.42,20602021.08,153.28,18.21
CAMP10055,Awareness - Instagram - Aug 2024,Instagram,Awareness,2024-08-18,2024-09-01,124030,109170.57,18876891,202046,1.07,18099,8.96,27140759.47,248.61,6.03
CAMP10056,Awareness - LinkedIn - Jul 2024,LinkedIn,Awareness,2024-07-18,2024-09-02,51780,45429.67,7083852,49262,0.7,532,1.08,884113.09,19.46,85.39
CAMP10057,Seasonal - Twitter - May 2024,Twitter,Seasonal,2024-05-25,2024-07-24,167414,142287.77,-1000,227696,0.71,19857,8.72,11335105.91,79.66,7.17
CAMP10058,Retention - TikTok - May 2023,TikTok,Retention,2023-05-18,2023-07-02,204755,190377.73,94104843,1396565,1.48,81366,5.83,300010722.11,1575.87,2.34
CAMP10059,Retention - Email - Jul 2023,Email,Retention,2023-07-03,2023-07-25,495254,410039.23,143362234,5002251,3.49,262289,5.24,1097649685.76,2676.94,1.56
CAMP10060,Reactivation - TikTok - May 2024,TikTok,Reactivation,2024-05-29,2024-06-19,460866,428786.96,177491909,4050206,2.28,46377,1.15,73020881.19,170.3,9.25
CAMP10061,Awareness - Instagram - Oct 2023,Instagram,Awareness,2023-10-29,2023-12-04,280497,253902.28,81650606,1380923,1.69,105952,7.67,413044397.03,1626.78,2.4
CAMP10062,Retention - Instagram - May 2024,Instagram,Retention,2024-05-13,2024-05-31,83809,65470.85,13489138,288934,2.14,12005,4.15,40529755.83,619.05,5.45
CAMP10063,Retention - YouTube - Jan 2023,YouTube,Retention,2023-01-21,2023-02-25,279339,205498.27,32021702,78425,0.24,3181,4.06,7912037.66,38.5,64.6
CAMP10064,Seasonal - LinkedIn - May 2023,LinkedIn,Seasonal,2023-05-17,2023-06-08,270221,200657.23,25166314,117475,0.47,4190,3.57,13229656.89,65.93,47.89
CAMP10065,Reactivation - Google Ads - Jan 2024,Google Ads,Reactivation,2024-01-25,2024-02-03,265185,196631.77,21499717,518142,2.41,42485,8.2,163515004.33,831.58,4.63
CAMP10066,Awareness - LinkedIn - Nov 2023,LinkedIn,Awareness,2023-11-11,2023-12-31,492716,468719.44,134223611,1243241,0.93,120079,9.66,315280586.23,672.64,3.9
CAMP10067,Reactivation - Twitter - Nov 2023,Twitter,Reactivation,2023-11-29,2023-12-28,474849,401395.48,196377634,1351995,0.69,125140,9.26,440688909.26,1097.89,3.21
CAMP10068,Retention - TikTok - Jan 2023,TikTok,Retention,2023-01-22,2023-02-20,9727,7428.54,1505781,25767,1.71,784,3.04,2063153.12,277.73,9.48
CAMP10069,Seasonal - LinkedIn - Oct 2023,LinkedIn,Seasonal,2023-10-21,2023-11-07,237812,356718.0,49064073,658574,1.34,19040,2.89,41394305.67,248.3,8.76
CAMP10070,Seasonal - Twitter - Jan 2023,Twitter,Seasonal,2023-01-05,2023-01-31,278196,276799.43,50109662,202774,0.4,17103,8.43,11629961.58,42.02,16.18
CAMP10071,Seasonal - LinkedIn - May 2023,LinkedIn,Seasonal,2023-05-06,2023-07-04,5703,8554.5,2241884,19137,0.85,1317,6.88,4358273.92,853.45,3.88
CAMP10072,Retention - Twitter - Sep 2024,Twitter,Retention,2024-09-23,2024-11-22,385757,371649.26,152691143,518514,0.34,43939,8.47,25676606.59,69.09,8.46
CAMP10073,Seasonal - TikTok - Sep 2023,TikTok,Seasonal,2023-09-19,2023-11-01,381293,318795.21,159349876,3745437,2.35,296214,7.91,883833571.16,2772.42,1.08
CAMP10074,Reactivation - Twitter - Sep 2024,Twitter,Reactivation,2024-09-26,2024-10-19,199214,145918.48,47613068,402177,0.84,19146,4.76,48613848.09,333.16,7.62
CAMP10075,Seasonal - TikTok - Jun 2024,TikTok,Seasonal,2024-06-16,2024-08-09,90124,90047.88,38050913,948629,2.49,40175,4.24,109966270.96,1221.2,2.24
CAMP10076,Awareness - Facebook - Apr 2024,Facebook,Awareness,2024-04-16,2024-05-16,416769,372164.22,88369508,926317,1.05,13871,1.5,53351282.74,143.35,26.83
CAMP10077,Acquisition - Google Ads - Jun 2024,Google Ads,Acquisition,2024-06-22,2024-07-12,464533,436461.62,170194820,5415711,3.18,184087,3.4,512508864.75,1174.24,2.37
CAMP10078,Retention - TikTok - Oct 2023,TikTok,Retention,2023-10-25,2023-12-10,91024,81216.25,33265209,470815,1.42,28892,6.14,100201672.37,1233.76,2.81
CAMP10079,Retention - Twitter - Sep 2024,Twitter,Retention,2024-09-15,2024-09-24,5603,4342.42,1038258,5359,0.52,190,3.55,247166.45,56.92,22.85
CAMP10080,Awareness - Email - Dec 2023,Email,Awareness,2023-12-30,2024-02-22,246329,217109.3,28197879,921823,3.27,66524,7.22,226836967.85,1044.81,3.26
CAMP10081,Reactivation - Google Ads - Aug 2023,Google Ads,Reactivation,2023-08-23,2023-09-16,96146,93585.34,33007598,883628,2.68,76927,8.71,324756294.16,3470.16,1.22
CAMP10082,Acquisition - Twitter - Mar 2024,Twitter,Acquisition,2024-03-13,2024-04-21,454122,426966.49,155882755,793753,0.51,37091,4.67,103671798.12,242.81,11.51
CAMP10083,Retention - Facebook - Jun 2023,Facebook,Retention,2023-06-14,2023-06-25,365784,290502.87,88568994,691960,0.78,9227,1.33,44746861.57,154.03,31.48
CAMP10084,Retention - Instagram - Jan 2024,Instagram,Retention,2024-01-09,2024-01-19,200750,168091.15,79844698,1731142,2.17,134600,7.78,218991391.56,1302.81,1.25
CAMP10085,Seasonal - Facebook - Apr 2024,Facebook,Seasonal,2024-04-21,2024-05-09,263335,186039.07,81216961,920654,1.13,58303,6.33,172406075.33,926.72,3.19
CAMP10086,Awareness - Instagram - Sep 2024,Instagram,Awareness,2024-09-22,2024-11-15,137068,96647.44,-1000,136657,0.71,6963,5.1,29732111.19,307.63,13.88
CAMP10087,Seasonal - Google Ads - Aug 2023,Google Ads,Seasonal,2023-08-01,2023-08-24,214508,205861.12,86776871,1633944,1.88,60682,3.71,40054450.8,194.57,3.39
CAMP10088,Seasonal - Twitter - Mar 2023,Twitter,Seasonal,2023-03-31,2023-04-21,454432,416091.45,165906245,1403027,0.85,55162,3.93,97569741.74,234.49,7.54
CAMP10089,Reactivation - Email - Jun 2023,Email,Reactivation,2023-06-29,2023-07-08,363573,320692.98,69655874,3016698,4.33,142370,4.72,314391653.62,980.35,2.25
CAMP10090,Reactivation - Twitter - Feb 2024,Twitter,Reactivation,2024-02-04,2024-03-27,108547,106063.17,36563163,135992,0.37,9186,6.75,28319442.09,267.01,11.55
CAMP10091,Retention - TikTok - Jun 2024,TikTok,Retention,2024-06-27,2024-08-17,413991,398625.77,103243684,1825265,1.77,49965,2.74,161999997.44,406.4,7.98
CAMP10092,Reactivation - Twitter - Sep 2024,Twitter,Reactivation,2024-09-26,2024-10-14,433694,368991.8,178195453,1584742,0.89,39706,2.51,32379245.36,87.75,9.29
CAMP10093,Retention - Email - Jul 2023,Email,Retention,2023-07-28,2023-09-23,143093,109070.28,19249711,1098892,5.71,87667,7.98,419374286.35,3844.99,1.24
CAMP10094,Seasonal - YouTube - Aug 2023,YouTube,Seasonal,2023-08-11,2023-09-26,141015,119978.83,22109136,73162,0.33,7100,9.7,7042070.62,58.69,16.9
CAMP10095,Seasonal - Google Ads - Sep 2024,Google Ads,Seasonal,2024-09-01,2024-10-14,355518,258717.77,88070535,2658603,3.02,124301,4.68,157518037.9,608.84,2.08
CAMP10096,Retention - LinkedIn - Jun 2024,LinkedIn,Retention,2024-06-15,2024-08-03,339052,264094.51,90318483,804057,0.89,64561,8.03,203806789.58,771.72,4.09
CAMP10097,Acquisition - TikTok - Jul 2023,TikTok,Acquisition,2023-07-03,2023-08-05,407695,326615.43,101105778,1918034,1.9,86414,4.51,278491344.9,852.66,3.78
CAMP10098,Acquisition - YouTube - Mar 2024,YouTube,Acquisition,2024-03-25,2024-05-15,76840,63274.13,22032991,160027,0.73,6224,3.89,12090315.89,191.08,10.17
CAMP10099,Retention - LinkedIn - Dec 2023,LinkedIn,Retention,2023-12-12,2023-12-28,109787,89834.96,18019697,109416,0.61,8647,7.9,30334411.41,337.67,10.39
CAMP10100,Reactivation - LinkedIn - May 2023,LinkedIn,Reactivation,2023-05-26,2023-06-24,388853,348331.51,95054092,1386031,1.46,82040,5.92,257383645.58,738.9,4.25
CAMP10101,Retention - YouTube - Nov 2023,YouTube,Retention,2023-11-16,2023-11-27,13496,11768.85,-1000,17373,0.48,930,5.35,4045582.6,343.75,12.65
CAMP10102,Seasonal - Google Ads - May 2024,Google Ads,Seasonal,2024-05-02,2024-05-09,31778,31528.53,7632597,122883,1.61,2530,2.06,9852889.4,312.51,12.46
CAMP10103,Awareness - Email - Sep 2023,Email,Awareness,2023-09-18,2023-10-19,442036,370060.05,51750033,1828676,3.53,118140,6.46,175526586.09,474.32,3.13
CAMP10104,Retention - Facebook - Jan 2023,Facebook,Retention,2023-01-03,2023-02-06,411055,331054.96,59691799,916247,1.53,26262,2.87,115563205.86,349.08,12.61
CAMP10105,Acquisition - Facebook - Apr 2024,Facebook,Acquisition,2024-04-16,2024-06-09,318074,273866.8,29461357,438254,1.49,35205,8.03,141314209.22,516.0,7.78
CAMP10106,Retention - TikTok - Nov 2023,TikTok,Retention,2023-11-26,2024-01-20,478199,409359.38,139011195,3720683,2.68,273269,7.34,878180255.38,2145.25,1.5
CAMP10107,Reactivation - Instagram - Apr 2023,Instagram,Reactivation,2023-04-08,2023-05-26,77794,57999.48,7362602,172500,2.34,6769,3.92,10290071.62,177.42,8.57
CAMP10108,Acquisition - LinkedIn - Jul 2023,LinkedIn,Acquisition,2023-07-02,2023-08-18,489047,482548.82,54723936,232656,0.43,22066,9.48,62860485.87,130.27,21.87
CAMP10109,Reactivation - Google Ads - Jun 2023,Google Ads,Reactivation,2023-06-05,2023-06-14,371405,321198.05,46940009,973732,2.07,96379,9.9,375733119.82,1169.79,3.33
CAMP10110,Retention - YouTube - Sep 2023,YouTube,Retention,2023-09-15,2023-11-05,206866,195268.0,96023634,307563,0.32,16865,5.48,78295192.53,400.96,11.58
CAMP10111,Reactivation - Twitter - Sep 2023,Twitter,Reactivation,2023-09-28,2023-10-13,188891,158723.67,65803739,539407,0.82,8832,1.64,5780239.85,36.42,17.97
CAMP10112,Acquisition - Facebook - Mar 2023,Facebook,Acquisition,2023-03-01,2023-04-28,32161,25272.88,12631000,172516,1.37,16487,9.56,53208057.4,2105.34,1.53
CAMP10113,Awareness - Email - Apr 2023,Email,Awareness,2023-04-06,2023-05-21,399654,334344.61,123596594,4789578,3.88,91025,1.9,414288675.77,1239.11,3.67
CAMP10114,Acquisition - Instagram - Jul 2023,Instagram,Acquisition,2023-07-14,2023-07-28,180208,147116.25,30499932,536353,1.76,8364,1.56,22867739.97,155.44,17.59
CAMP10115,Reactivation - Facebook - Aug 2023,Facebook,Reactivation,2023-08-16,2023-09-26,142527,139880.11,25044326,305980,1.22,9407,3.07,24026458.62,171.76,14.87
CAMP10116,Seasonal - Instagram - Jun 2023,Instagram,Seasonal,2023-06-08,2023-07-19,152256,145773.55,65165550,1101551,1.69,28997,2.63,96807483.9,664.09,5.03
CAMP10117,Seasonal - Facebook - Feb 2024,Facebook,Seasonal,2024-02-06,2024-03-24,355279,321463.63,82000385,1356944,1.65,60368,4.45,197065616.03,613.03,5.33
CAMP10118,Reactivation - Google Ads - Apr 2023,Google Ads,Reactivation,2023-04-07,2023-05-28,5025,3555.52,1020629,29013,2.84,1862,6.42,2355806.57,662.58,1.91
CAMP10119,Retention - Google Ads - Dec 2023,Google Ads,Retention,2023-12-07,2023-12-24,471071,455904.71,133573803,3505947,2.62,67174,1.92,138820183.99,304.49,6.79
CAMP10120,Acquisition - Instagram - Dec 2023,Instagram,Acquisition,2023-12-30,2024-02-16,39950,33436.04,8493516,133169,1.57,8728,6.55,36498939.6,1091.6,3.83
CAMP10121,Awareness - Instagram - Aug 2024,Instagram,Awareness,2024-08-31,2024-10-21,497634,350401.69,72555504,495111,0.68,35745,7.22,70812805.96,202.09,9.8
CAMP10122,Seasonal - Instagram - Sep 2024,Instagram,Seasonal,2024-09-19,2024-10-04,376965,565447.5,80009996,1766458,2.21,66641,3.77,161063611.53,572.16,4.22
CAMP10123,Retention - Email - Jun 2024,Email,Retention,2024-06-10,2024-07-10,473785,710677.5,133442239,2772482,2.08,143145,5.16,138984302.84,341.97,2.84
CAMP10124,Awareness - LinkedIn - Aug 2024,LinkedIn,Awareness,2024-08-16,2024-09-23,34555,27925.67,9590011,61087,0.64,2529,4.14,3031372.88,108.55,11.04
CAMP10125,Awareness - Twitter - May 2023,Twitter,Awareness,2023-05-11,2023-06-11,424700,337674.99,139311297,756787,0.54,9190,1.21,30739251.12,91.03,36.74
CAMP10126,Seasonal - Facebook - Sep 2024,Facebook,Seasonal,2024-09-19,2024-11-06,255660,237358.63,83229472,1342169,1.61,103877,7.74,416205325.35,1753.49,2.28
CAMP10127,Acquisition - YouTube - Aug 2024,YouTube,Acquisition,2024-08-26,2024-09-03,303817,216088.94,107750039,473245,0.44,16552,3.5,61812976.88,286.05,13.06
CAMP10128,Seasonal - Google Ads - Sep 2023,Google Ads,Seasonal,2023-09-21,2023-10-29,230565,194911.81,38796311,1033130,2.66,30658,2.97,35461140.35,181.93,6.36
CAMP10129,Awareness - Twitter - Jul 2024,Twitter,Awareness,2024-07-30,2024-09-17,308787,294397.0,35119874,145638,0.41,12178,8.36,58416379.6,198.43,24.17
CAMP10130,Reactivation - LinkedIn - Jan 2023,LinkedIn,Reactivation,2023-01-29,2023-02-26,29704,22668.45,3565687,16312,0.46,1369,8.39,1970026.75,86.91,16.56
CAMP10131,Awareness - LinkedIn - Jul 2023,LinkedIn,Awareness,2023-07-09,2023-08-06,324392,291583.03,120916243,758004,0.63,63016,8.31,115484423.45,396.06,4.63
CAMP10132,Acquisition - Twitter - Jan 2024,Twitter,Acquisition,2024-01-21,2024-01-29,119598,102590.29,17873895,124932,0.7,8245,6.6,28860884.6,281.32,12.44
CAMP10133,Awareness - Twitter - Jan 2023,Twitter,Awareness,2023-01-01,2023-01-31,392291,391049.09,193634067,1171392,0.6,95712,8.17,300651326.95,768.83,4.09
CAMP10134,Seasonal - Twitter - Apr 2023,Twitter,Seasonal,2023-04-11,2023-04-19,73669,59624.03,9361359,43782,0.47,3493,7.98,7648406.89,128.28,17.07
CAMP10135,Seasonal - Instagram - Mar 2024,Instagram,Seasonal,2024-03-09,2024-04-19,78429,76845.59,16040529,239848,1.5,11211,4.67,48897756.04,636.31,6.85
CAMP10136,Seasonal - Email - Jan 2024,Email,Seasonal,2024-01-17,2024-02-06,203813,198845.68,53300996,3170445,5.95,192178,6.06,891735939.77,4484.56,1.03
CAMP10137,Reactivation - YouTube - Jul 2023,YouTube,Reactivation,2023-07-27,2023-08-26,282280,210869.82,22865794,147160,0.64,9537,6.48,22204378.48,105.3,22.11
CAMP10138,Acquisition - YouTube - Jan 2023,YouTube,Acquisition,2023-01-29,2023-02-25,489501,452067.55,128990523,564165,0.44,42521,7.54,41904702.24,92.7,10.63
CAMP10139,Seasonal - Twitter - Jun 2023,Twitter,Seasonal,2023-06-15,2023-07-26,259346,188867.05,52316346,200197,0.38,14551,7.27,66374988.92,351.44,12.98
CAMP10140,Retention - Email - Oct 2023,Email,Retention,2023-10-27,2023-12-02,86004,82287.18,36976418,2504564,6.77,211842,8.46,246359379.75,2993.9,0.39
CAMP10141,Reactivation - LinkedIn - Jun 2023,LinkedIn,Reactivation,2023-06-12,2023-07-09,132094,115524.37,26799444,418261,1.56,20095,4.8,33546849.4,290.39,5.75
CAMP10142,Acquisition - Instagram - Oct 2023,Instagram,Acquisition,2023-10-06,2023-12-04,425065,420147.95,203699557,1806851,0.89,64355,3.56,216006751.27,514.12,6.53
CAMP10143,Awareness - LinkedIn - Oct 2023,LinkedIn,Awareness,2023-10-24,2023-11-17,38015,27863.25,6803672,107023,1.57,2574,2.41,3348914.62,120.19,10.82
CAMP10144,Awareness - LinkedIn - Aug 2024,LinkedIn,Awareness,2024-08-04,2024-08-23,376970,317151.47,138541591,1851902,1.34,127359,6.88,265585764.19,837.41,2.49
CAMP10145,Reactivation - Twitter - Sep 2023,Twitter,Reactivation,2023-09-16,2023-11-07,343135,249367.99,110499243,426342,0.39,18973,4.45,36571634.99,146.66,13.14
CAMP10146,Acquisition - Twitter - Nov 2023,Twitter,Acquisition,2023-11-21,2024-01-01,249028,209918.84,93720783,584776,0.62,22773,3.89,58881692.29,280.5,9.22
CAMP10147,Awareness - Email - Apr 2024,Email,Awareness,2024-04-30,2024-05-07,176756,174992.42,37763267,1318332,3.49,24816,1.88,122879077.48,702.2,7.05
CAMP10148,Retention - YouTube - Apr 2023,YouTube,Retention,2023-04-07,2023-05-10,349858,306803.5,95127040,191515,0.2,8772,4.58,24873050.53,81.07,34.98
CAMP10149,Acquisition - Instagram - Sep 2023,Instagram,Acquisition,2023-09-23,2023-10-26,410081,406065.94,76806787,933489,1.22,24398,2.61,121968799.73,300.37,16.64
CAMP10150,Seasonal - Instagram - Mar 2024,Instagram,Seasonal,2024-03-16,2024-04-05,315903,237223.65,98038900,1131264,1.15,25799,2.28,52902166.7,223.01,9.2
CAMP10151,Awareness - Instagram - Dec 2023,Instagram,Awareness,2023-12-03,2023-12-20,57379,46920.72,8920710,143994,1.61,11470,7.97,22953053.87,489.19,4.09
CAMP10152,Awareness - YouTube - Apr 2024,YouTube,Awareness,2024-04-23,2024-05-30,456304,404675.02,126820280,848564,0.67,61772,7.28,304349120.69,752.08,6.55
CAMP10153,Retention - Twitter - Feb 2023,Twitter,Retention,2023-02-27,2023-03-23,13633,10959.23,3447827,24411,0.71,1227,5.03,4347223.12,396.67,8.93
CAMP10154,Acquisition - Google Ads - Sep 2024,Google Ads,Acquisition,2024-09-08,2024-10-30,190685,153778.04,27000489,468690,1.74,46056,9.83,223755714.57,1455.06,3.34
CAMP10155,Reactivation - TikTok - Mar 2023,TikTok,Reactivation,2023-03-05,2023-03-16,159875,148070.43,19456657,444958,2.29,7172,1.61,33730551.41,227.8,20.65
CAMP10156,Acquisition - Twitter - Jun 2023,Twitter,Acquisition,2023-06-30,2023-07-24,384302,366818.43,126282843,919970,0.73,53609,5.83,128789703.22,351.1,6.84
CAMP10157,Awareness - Google Ads - Mar 2023,Google Ads,Awareness,2023-03-29,2023-05-14,50974,42060.33,5812587,118261,2.03,1197,1.01,5316968.03,126.41,35.14
CAMP10158,Reactivation - TikTok - Jul 2023,TikTok,Reactivation,2023-07-08,2023-09-04,170654,129999.19,22048834,311246,1.41,5571,1.79,19345499.2,148.81,23.33
CAMP10159,Seasonal - Email - Aug 2024,Email,Seasonal,2024-08-27,2024-09-05,98755,93423.19,21414108,735523,3.43,27037,3.68,19252335.33,206.08,3.46
CAMP10160,Retention - Google Ads - Mar 2024,Google Ads,Retention,2024-03-15,2024-05-13,225669,218630.86,97330190,3309582,3.4,272569,8.24,253439545.37,1159.21,0.8
CAMP10161,Reactivation - Email - Jul 2024,Email,Reactivation,2024-07-24,2024-09-06,176467,155232.52,49852123,919722,1.84,16648,1.81,29613342.6,190.77,9.32
CAMP10162,Retention - Facebook - Feb 2023,Facebook,Retention,2023-02-25,2023-03-23,426194,339132.55,124961646,1687717,1.35,70066,4.15,324780709.22,957.68,4.84
CAMP10163,Awareness - Facebook - Jun 2024,Facebook,Awareness,2024-06-11,2024-06-21,460859,398758.77,157790895,2378046,1.51,31109,1.31,147315411.19,369.43,12.82
CAMP10164,Retention - TikTok - Mar 2023,TikTok,Retention,2023-03-20,2023-04-22,334690,276462.01,96440974,2108737,2.19,169447,8.04,335901721.53,1215.0,1.63
CAMP10165,Acquisition - Email - Feb 2023,Email,Acquisition,2023-02-10,2023-03-28,102628,83623.5,-1000,421344,2.54,16220,3.85,26719279.38,319.52,5.16
CAMP10166,Seasonal - TikTok - Feb 2023,TikTok,Seasonal,2023-02-01,2023-03-13,364424,323535.85,134487480,3892011,2.89,348441,8.95,487108118.01,1505.58,0.93
CAMP10167,Reactivation - Email - Nov 2023,Email,Reactivation,2023-11-28,2023-12-13,377791,374282.73,167777163,3848975,2.29,148069,3.85,518526379.75,1385.39,2.53
CAMP10168,Awareness - YouTube - Jul 2023,YouTube,Awareness,2023-07-14,2023-08-05,214585,182213.2,62765937,371450,0.59,10958,2.95,33471337.0,183.69,16.63
CAMP10169,Acquisition - LinkedIn - Jul 2023,LinkedIn,Acquisition,2023-07-05,2023-07-16,196258,144642.82,27678338,232356,0.84,9092,3.91,20280144.83,140.21,15.91
CAMP10170,Acquisition - Facebook - Feb 2024,Facebook,Acquisition,2024-02-27,2024-03-15,142909,134303.37,57243416,752854,1.32,22910,3.04,16112057.72,119.97,5.86
CAMP10171,Acquisition - Facebook - Jul 2023,Facebook,Acquisition,2023-07-30,2023-09-02,418171,327992.36,147517601,1039940,0.7,13327,1.28,7250762.06,22.11,24.61
CAMP10172,Awareness - Instagram - Oct 2023,Instagram,Awareness,2023-10-20,2023-12-01,450175,675262.5,167441786,3264448,1.95,78985,2.42,287362560.89,849.88,4.28
CAMP10173,Retention - Twitter - Oct 2023,Twitter,Retention,2023-10-08,2023-10-24,411410,329573.77,66920641,517034,0.77,13044,2.52,15570462.88,47.24,25.27
CAMP10174,Acquisition - TikTok - Oct 2023,TikTok,Acquisition,2023-10-18,2023-12-07,338611,295330.71,123554807,2384469,1.93,152217,6.38,738082307.14,2499.17,1.94
CAMP10175,Acquisition - YouTube - May 2024,YouTube,Acquisition,2024-05-22,2024-06-10,498639,411743.67,61163395,125317,0.2,4152,3.31,8895199.22,21.6,99.17
CAMP10176,Seasonal - Facebook - Jul 2024,Facebook,Seasonal,2024-07-24,2024-08-06,257172,224276.84,54166717,563238,1.04,51274,9.1,85317672.46,380.41,4.37
CAMP10177,Reactivation - Facebook - Dec 2023,Facebook,Reactivation,2023-12-06,2023-12-21,215933,175270.09,46632188,765719,1.64,60501,7.9,195776397.4,1117.0,2.9
CAMP10178,Retention - Instagram - Oct 2023,Instagram,Retention,2023-10-14,2023-10-24,280019,206993.51,79940157,856915,1.07,23054,2.69,77896198.18,376.32,8.98
CAMP10179,Reactivation - Twitter - May 2023,Twitter,Reactivation,2023-05-14,2023-05-28,481971,373280.11,69492145,246351,0.35,3651,1.48,9334213.08,25.01,102.24
CAMP10180,Reactivation - Google Ads - Aug 2024,Google Ads,Reactivation,2024-08-10,2024-08-24,223416,215883.86,22175213,256670,1.16,9232,3.6,14835583.3,68.72,23.38
CAMP10181,Acquisition - Email - Jul 2023,Email,Acquisition,2023-07-07,2023-08-08,350593,347838.44,121370210,7186225,5.92,473230,6.59,634302609.44,1823.56,0.74
CAMP10182,Reactivation - Instagram - Sep 2024,Instagram,Reactivation,2024-09-15,2024-10-02,445549,442393.85,169948918,2376189,1.4,145371,6.12,463967494.58,1048.77,3.04
CAMP10183,Seasonal - Google Ads - Feb 2024,Google Ads,Seasonal,2024-02-09,2024-03-13,385010,327760.13,40825227,1142156,2.8,65368,5.72,107047735.57,326.6,5.01
CAMP10184,Awareness - LinkedIn - Aug 2023,LinkedIn,Awareness,2023-08-03,2023-08-27,233708,192508.27,94250958,776649,0.82,25324,3.26,104816089.25,544.48,7.6
CAMP10185,Seasonal - Google Ads - Feb 2023,Google Ads,Seasonal,2023-02-26,2023-03-27,247150,213786.2,33324312,527955,1.58,10613,2.01,50598492.5,236.68,20.14
CAMP10186,Acquisition - Email - Oct 2023,Email,Acquisition,2023-10-12,2023-11-15,49946,42038.78,17701163,1086193,6.14,85036,7.83,257679443.05,6129.56,0.49
CAMP10187,Seasonal - TikTok - Feb 2023,TikTok,Seasonal,2023-02-01,2023-03-28,294834,277098.01,129064455,2080574,1.61,112888,5.43,78617483.36,283.72,2.45
CAMP10188,Acquisition - Facebook - Nov 2023,Facebook,Acquisition,2023-11-08,2023-12-01,90682,79761.81,36702665,362509,0.99,12899,3.56,43308198.35,542.97,6.18
CAMP10189,Awareness - Email - Aug 2023,Email,Awareness,2023-08-04,2023-08-16,98822,89538.99,26686044,1255761,4.71,71917,5.73,45790313.65,511.4,1.25
CAMP10190,Seasonal - YouTube - Mar 2023,YouTube,Seasonal,2023-03-09,2023-04-30,66916,57945.55,20685273,86338,0.42,7559,8.76,13356899.33,230.51,7.67
CAMP10191,Reactivation - Instagram - Jan 2024,Instagram,Reactivation,2024-01-22,2024-02-22,204487,152633.67,34606119,633283,1.83,47631,7.52,148102409.4,970.31,3.2
CAMP10192,Awareness - TikTok - Sep 2024,TikTok,Awareness,2024-09-17,2024-10-16,111319,97516.31,29065746,746633,2.57,59540,7.97,119157928.92,1221.93,1.64
CAMP10193,Reactivation - Email - Aug 2023,Email,Reactivation,2023-08-18,2023-10-06,302018,251989.38,58788576,3128038,5.32,249963,7.99,314548122.79,1248.26,1.01
CAMP10194,Awareness - LinkedIn - Oct 2023,LinkedIn,Awareness,2023-10-06,2023-11-30,312318,276782.68,47947304,346506,0.72,14517,4.19,10914242.73,39.43,19.07
CAMP10195,Retention - Instagram - Apr 2023,Instagram,Retention,2023-04-06,2023-04-13,293633,276561.91,117546178,2248410,1.91,123138,5.48,388547141.54,1404.92,2.25
CAMP10196,Acquisition - LinkedIn - Jun 2024,LinkedIn,Acquisition,2024-06-26,2024-07-29,270011,209729.17,66558501,676219,1.02,35858,5.3,37802336.91,180.24,5.85
CAMP10197,Awareness - TikTok - Jul 2024,TikTok,Awareness,2024-07-05,2024-07-25,30366,23702.78,10116715,183161,1.81,15010,8.19,64503035.35,2721.33,1.58
CAMP10198,Seasonal - Facebook - Mar 2023,Facebook,Seasonal,2023-03-17,2023-04-22,23734,17746.75,8773885,43235,0.49,745,1.72,3651246.38,205.74,23.82
CAMP10199,Acquisition - Twitter - Jan 2023,Twitter,Acquisition,2023-01-09,2023-03-10,139823,99700.14,47867633,185474,0.39,15853,8.55,47230331.26,473.72,6.29
